{	
	"TR":{
		"Con_1":{
			"a"     : 0.01565,
			"b"     : 2.2478602,
			"c"     : -0.008148		
			},
		"Cons_2":{
			"a"     : 0.00962,
			"b"     : 2.5618677,
			"c"     : -0.004615	
			}		
		},
	"CB_SF6":{
			"Con_1":{
				"a"     : 0.00223,
				"b"     : 3.3214624,
				"c"     : -0.001728395		
				}			
			},
	"AUX":{
			"Con_1":{
				"a"     : 0.00223,
				"b"     : 3.3214624,
				"c"     : -0.001728395		
				}			
			},
    "LN":{
			"Con_1":{
				"a"     : 0.01976,
				"b"     : 3.429,
				"c"     : -0.009756		
				}
	}	
}
